id_autor;autor_es;autor_la;fecha_nacimiento;fecha_fallecimiento;bio_es;bio_la;idioma_es;nacion_es;idioma_la;imagen;imagen_atr;codigo;nacion_la;epoca_es;epoca_la
1;Horacio;Quintus Horatius Flaccus;-65;-8;"Poeta lírico romano, autor de ""Carpe diem"".";"Poeta lyricus Romanus, auctor ""Carpe diem"".";Latín;Roma;Lingua Latina;https://i.ibb.co/KjBfHkQ2/horacio.png;Retrato de Horacio creado por Daniel Losada en colaboración con Google Gemini;la;Roma;Edad Antigua;Antiquitas
2;René Descartes;Renatus Cartesius;1596;1650;Filósofo y matemático francés.;Philosophus et mathematicus Francogallicus.;Latín;Francia;Lingua Latina;https://i.ibb.co/pjycYzXh/descartes.png;Retrato de Descartes creado por Daniel Losada en colaboración con Google Gemini;la;Francia;Edad Moderna;Nova Aetas
3;Francis Bacon;Franciscus Bacon;1561;1626;"Filósofo y estadista inglés, autor de ""El conocimiento es poder"".";"Philosophus et civis Anglicus, auctor ""Scientia potentia est"".";Inglés;Reino Unido;Lingua Anglica;https://i.ibb.co/xtWthbfv/bacon.png;Retrato de Bacon creado por Daniel Losada en colaboración con Google Gemini;en;Regnum Unitum;Edad Moderna;Nova Aetas
4;San Agustín;Aurelius Augustinus;354;430;Filósofo y teólogo cristiano.;Philosophus et theologus Christianus.;Latín;Roma;Lingua Latina;https://i.ibb.co/chhLXqTZ/agustin.png;Retrato de Agustín creado por Daniel Losada en colaboración con Google Gemini;la;Roma;Edad Antigua;Antiquitas
5;Shakespeare;Gulielmus Shakespeare;1564;1616;Dramaturgo y poeta inglés, autor de Hamlet.;"Dramaturgus et poeta Anglicus, auctor ""Hamlet"".";Inglés;Reino Unido;Lingua Anglica;https://i.ibb.co/MDGnQ1yJ/shakespeare.png;Retrato de Shakespeare creado por Daniel Losada en colaboración con Google Gemini;en;Regnum Unitum;Edad Moderna;Nova Aetas
6;Salomón;Salomon;-990;-931;Rey de Israel, autor de proverbios y textos bíblicos.;Rex Israel, auctor proverbiorum et textuum sacrorum.;Hebreo;Israel;Lingua Hebraica;https://i.ibb.co/QvJZF5fh/salomon.png;Retrato de Salomón creado por Daniel Losada en colaboración con Google Gemini;he;Israel;Edad Antigua;Antiquitas
7;Dale Carnegie;Daleus Carnegieus;1888;1955;Escritor y conferencista estadounidense, autor de libros de desarrollo personal.;Scriba et orator Americanus, auctor librorum de progressu personali.;Inglés;Estados Unidos;Lingua Anglica;https://i.ibb.co/BFB74pj/carnegie.png;Retrato de Carnegie creado por Daniel Losada en colaboración con Google Gemini;en;Civitates Foederatae Americae;Edad Contemporánea;Aetas Contemporanea
8;Proverbio Chino;Proverbium Sinense;;;Conjunto de proverbios tradicionales de la cultura china que transmiten sabiduría popular, valores morales y enseñanzas prácticas transmitidas oralmente durante siglos.;Collectio sententiarum Sinensium, magnopere in cultura tradita.;Chino;China;Lingua Sinica;;;zh;Sinae;Epoca Desconocida;Epocha Ignota
9;Proverbio Japonés;Proverbium Iaponicum;;;Expresiones tradicionales de la cultura japonesa que resumen enseñanzas morales, filosóficas y prácticas derivadas del budismo, el sintoísmo y la experiencia popular.;Collectio sententiarum Iaponicarum.;Japonés;Japón;Lingua Iaponica;;;ja;Iaponia;Epoca Desconocida;Epocha Ignota
10;Refrán Francés;Sententia Gallica;;;Refranes populares de la tradición oral francesa que transmiten observaciones sobre la vida, el trabajo y la conducta humana.;Collectio sententiarum Gallicarum.;Francés;Francia;Lingua Gallica;;;fr;Francia;Epoca Desconocida;Epocha Ignota
11;Refrán Ruso;Sententia Russica;;;Dichos tradicionales del pueblo ruso que condensan la experiencia colectiva, el ingenio y la filosofía popular transmitida de generación en generación.;Collectio sententiarum Russicarum.;Ruso;Rusia;Lingua Russica;;;ru;Russia;Epoca Desconocida;Epocha Ignota
12;Refrán Español;Sententia Hispanica;;;Refranes populares de la tradición oral hispana que expresan de forma breve y ingeniosa enseñanzas prácticas sobre la vida cotidiana.;Collectio sententiarum Hispanicarum.;Español;España;Lingua Hispanica;;;es;Hispania;Epoca Desconocida;Epocha Ignota
13;Refrán Vasco;Sententia Vasconica;;;Proverbios de la tradición oral vasca que reflejan la relación con la naturaleza, el trabajo y los valores comunitarios del pueblo vasco.;Collectio sententiarum Vasconicarum.;Euskara;España;Lingua Vasconica;;;eu;Hispania;Epoca Desconocida;Epocha Ignota
14;Gayo Julio César;Gaius Iulius Caesar;-100;-44;Político, militar y escritor romano. Protagonizó el final de la República Romana y el ascenso del Imperio. Conquistó la Galia, cruzó el Rubicón en 49 a. C. iniciando la guerra civil, y ejerció el poder como dictador vitalicio. Fue asesinado el 15 de marzo de 44 a. C. durante los Idus de marzo.;Politicus, miles et scriptor Romanus. Finitum Rei Publicae et ascensus Imperii. Galliam vicit, Rubiconem transiit anno 49 a.C., bellum civile incepit, dictator perpetuus factus. Interfectus est die 15 Martii 44 a.C.;Latín;Roma;Lingua Latina;https://i.ibb.co/7dbHBQ9X/juliocesar.png;Retrato de Julio Cesar creado por Daniel Losada en colaboración con Google Gemini;la;Roma;Edad Antigua;Antiquitas
15;Parménides;Parmenides;-515;-450;Filósofo presocrático griego, fundador de la escuela eleática. Defendió la idea de la permanencia del ser y que nada surge de la nada.;Philosophus Praesocraticus Graecus, schola Eleatica conditor. Ideam constantiae entis defendit, nihil ex nihilo oriri.;Latín;Grecia;Lingua Latina;https://i.ibb.co/8DHGWSZc/parmenides.png;Retrato de Parménides creado por Daniel Losada en colaboración con Google Gemini;la;Graecia;Edad Antigua;Antiquitas
16;Confucio;Confucius;-551;-479;Filósofo y maestro chino, fundador del confucianismo. Sus enseñanzas influyeron profundamente en la cultura, ética y política de China.;Philosophus et magister Sinensis, confucianismi conditor. Doctrinae eius in culturam, ethicam et politicam Sinensem profunde influentes.;Chino;China;Lingua Sinica;https://i.ibb.co/tjXTLg8/confucio.png;Retrato de Confucio creado por Daniel Losada en colaboración con Google Gemini;zh;Sinae;Edad Antigua;Antiquitas
17;Isidoro de Sevilla;Isidorus Hispalensis;560;636;"Arzobispo de Sevilla, erudito y escritor español. Autor de ""Etimologías"", obra enciclopédica que recoge gran parte del saber de su época.";"Archiepiscopus Hispaliensis, eruditus et scriptor Hispanicus, auctor ""Etymologiae"".";Latín;España;Lingua Latina;https://i.ibb.co/5xsVq8Sz/isidoro.png;Retrato de Isidoro de Sevilla creado por Daniel Losada en colaboración con Google Gemini;la;Hispania;Edad Media;Medium Aevum
18;Séneca;Lucius Annaeus Seneca;-4;65;Filósofo, escritor y político romano, representante del estoicismo. Autor de numerosas cartas y tratados morales.;Philosophus, scriptor et politicus Romanus, stoicismus repraesentans. Multas epistulas et tractatus morales scripsit.;Latín;Roma;Lingua Latina;https://i.ibb.co/35c3QS9J/seneca.png;Retrato de Seneca creado por Daniel Losada en colaboración con Google Gemini;la;Roma;Edad Antigua;Antiquitas
19;Santo Tomás de Aquino;Thomas Aquinas;1225;1274;"Filósofo y teólogo italiano, representante de la Escolástica. Autor de la ""Summa Theologica"".";"Philosophus et theologus Italicus, Scholasticae repraesentans. Auctor ""Summa Theologica"".";Latín;Italia;Lingua Latina;https://i.ibb.co/wG8jHsv/tomasaquino.png;Retrato de Santo Tomás de Aquino creado por Daniel Losada en colaboración con Google Gemini;la;Italia;Edad Media;Medium Aevum
20;Friedrich Nietzsche;Friedrich Nietzsche;1844;1900;"Filósofo, poeta y filólogo alemán. Autor de obras como ""Así habló Zaratustra"" y ""Más allá del bien y del mal"".";"Philosophus, poeta et philologus Germanicus, auctor operum ut ""Ita loquutus est Zarathustra"" et ""Ultra bonum et malum"".";Alemán;Alemania;Lingua Germanica;https://i.ibb.co/N6jnVDp7/nietzsche.png;Retrato de Nietzsche creado por Daniel Losada en colaboración con Google Gemini;de;Germania;Edad Contemporánea;Aetas Contemporanea
21;Gilbert Keith Chesterton;Gilbert Keith Chesterton;1874;1936;Escritor, poeta, filósofo y periodista inglés. Famoso por sus ensayos, cuentos de misterio y defensa del cristianismo.;Scriba, poeta, philosophus et diurnarius Anglicus. Notus pro essayis, fabulis mysteriis et Christianismi defensione.;Inglés;Reino Unido;Lingua Anglica;https://i.ibb.co/9mGNtTcT/chesterton.png;Retrato de Chesterton creado por Daniel Losada en colaboración con Google Gemini;en;Regnum Unitum;Edad Contemporánea;Aetas Contemporanea
22;Juan Pablo II;Ioannes Paulus II;1920;2005;Papa de la Iglesia Católica desde 1978 hasta 2005. Destacado por su labor pastoral, defensa de la vida y los derechos humanos.;Papa Ecclesiae Catholicae ab anno 1978 usque 2005. Labor pastoral, vitae tutela et iura humana praecipuus.;Latín;Polonia;Lingua Latina;https://i.ibb.co/tMz7wVTz/juanpabloii.png;Retrato de Juan Pablo II creado por Daniel Losada en colaboración con Google Gemini;la;Polonia;Edad Contemporánea;Aetas Contemporanea
23;San Juan Bautista de La Salle;Sanctus Ioannes Baptista de La Salle;1651;1719;Sacerdote francés y fundador de los Hermanos de las Escuelas Cristianas, dedicados a la educación cristiana de los jóvenes, especialmente pobres.;Sacerdos Francogallicus, fratres Scholarium Christianorum fundator. Iuvenes praecipue pauperes educavit.;Latín;Francia;Lingua Latina;https://i.ibb.co/20M9HWkV/lasalle.png;Retrato de Lasalle creado por Daniel Losada en colaboración con Google Gemini;la;Francia;Edad Moderna;Nova Aetas
24;Proverbio Árabe;Proverbium Arabica;;;Proverbios tradicionales de la cultura árabe que transmiten valores de hospitalidad, honor, paciencia y sabiduría práctica.;Collectio sententiarum Arabicarum.;Árabe;Arabia Saudita;Lingua Arabica;;;ar;Arabia Saudita;Epoca Desconocida;Epocha Ignota
25;Proverbio Hindú;Proverbium Indica;;;Dichos tradicionales de la India que reflejan principios espirituales, filosóficos y morales influidos por el hinduismo y las tradiciones védicas.;Collectio sententiarum Indicarum.;Hindi;India;Lingua Indica;;;hi;India;Epoca Desconocida;Epocha Ignota
26;Oswald Spengler;Oswaldus Spengler;1880;1936;"Filósofo e historiador alemán, autor de ""La decadencia de Occidente"".";"Philosophus et historicus Germanicus, auctor ""Occidentis Decadentia"".";Alemán;Alemania;Lingua Germanica;https://i.ibb.co/jFsMGCC/spengler.png;Retrato de Spengler creado por Daniel Losada en colaboración con Google Gemini;de;Germania;Edad Contemporánea;Aetas Contemporanea
27;Miguel de Cervantes;Michael Cervantes;1547;1616;"Novelista, poeta y dramaturgo español, autor de ""Don Quijote de la Mancha"".";"Scriba, poeta et dramatist Hispanicus, auctor ""Don Quixote de la Mancha"".";Español;España;Lingua Hispanica;https://i.ibb.co/7d8RNgBb/cervantes.png;Retrato de Cervantes creado por Daniel Losada en colaboración con Google Gemini;es;Hispania;Edad Moderna;Nova Aetas
28;Nelson Mandela;Nelsonus Mandela;1918;2013;Político y activista sudafricano, primer presidente negro de Sudáfrica y líder contra el apartheid.;Politicus et activist Africanus Australis, primus praeses niger et apartheid adversator.;Inglés;Sudáfrica;Lingua Anglica;https://i.ibb.co/qYBzbNJH/mandela.png;Retrato de Mandela creado por Daniel Losada en colaboración con Google Gemini;en;Africa Australis;Edad Contemporánea;Aetas Contemporanea
29;Mahatma Gandhi;Mohandas Gandhi;1869;1948;Líder político y espiritual de India, impulsor de la resistencia no violenta.;Dux politicis et spiritualis Indiae, resistentiam non violentam promovere.;Inglés;India;Lingua Anglica;https://i.ibb.co/hFVyv04H/gandhi.png;Retrato de Gandhi creado por Daniel Losada en colaboración con Google Gemini;en;India;Edad Contemporánea;Aetas Contemporanea
30;Albert Einstein;Albertus Einstein;1879;1955;Físico teórico alemán, desarrolló la teoría de la relatividad.;Physicus theoreticus Germanicus, theoriam relativitatis excogitavit.;Inglés;Alemania;Lingua Anglica;https://i.ibb.co/XkSxyZyF/einstein.png;Retrato de Einstein creado por Daniel Losada en colaboración con Google Gemini;en;Germania;Edad Contemporánea;Aetas Contemporanea
31;Martin Luther King Jr.;Martin Luther King;1929;1968;Líder del movimiento por los derechos civiles en Estados Unidos y activista por la igualdad racial.;Dux iurium civilium et activist aequalitatis racialium in Civitatibus Foederatis.;Inglés;Estados Unidos;Lingua Anglica;https://i.ibb.co/GBYRvH9/king.png;Retrato de King creado por Daniel Losada en colaboración con Google Gemini;en;Civitates Foederatae Americae;Edad Contemporánea;Aetas Contemporanea
32;John Dewey;Ioannes Dewey;1859;1952;Filósofo y pedagogo estadounidense, defensor de la educación progresista.;Philosophus et paedagogus Americanus, educationem progressivam defendens.;Inglés;Estados Unidos;Lingua Anglica;https://i.ibb.co/C5cSzJyL/dewey.png;Retrato de Dewey creado por Daniel Losada en colaboración con Google Gemini;en;Civitates Foederatae Americae;Edad Contemporánea;Aetas Contemporanea
33;Benjamin Franklin;Benjaminus Franklin;1706;1790;Político, científico y escritor estadounidense, uno de los Padres Fundadores de Estados Unidos.;Politicus, sapiens et scriptor Americanus, unus ex Patribus Fundatoribus.;Inglés;Estados Unidos;Lingua Anglica;https://i.ibb.co/d08LLy25/franklin.png;Retrato de Franklin creado por Daniel Losada en colaboración con Google Gemini;en;Civitates Foederatae Americae;Edad Moderna;Nova Aetas
34;Leonardo Da Vinci;Leonardus Vincius;1452;1519;Artista, inventor y científico italiano del Renacimiento.;Artifex, inventor et physicus Italicus Renaissance.;Latín;Italia;Lingua Latina;https://i.ibb.co/prKj8Gtz/davinci.png;Retrato de Da Vinci creado por Daniel Losada en colaboración con Google Gemini;la;Italia;Edad Media;Medium Aevum
35;Proverbio Tibetano;Proverbium Tibetanum;;;Proverbios de la tradición tibetana inspirados en la filosofía budista, centrados en la compasión, la impermanencia y el equilibrio interior.;Collectio sententiarum Tibeticarum.;Español;Tíbet;Lingua Hispanica;;;es;Thibetum;Epoca Desconocida;Epocha Ignota
36;Albert Camus;Albertus Camus;1913;1960;Escritor, filósofo y periodista francés. Premio Nobel de Literatura en 1957, representante del existencialismo y el absurdo.;Scriba, philosophus et diurnarius Francogallicus. Praemium Nobel Litterarum anno 1957, existentialismus et absurdi repraesentans.;Francés;Francia;Lingua Gallica;https://i.ibb.co/qYHNPQ2Z/camus.png;Retrato de Camus creado por Daniel Losada en colaboración con Google Gemini;fr;Francia;Edad Contemporánea;Aetas Contemporanea
37;Santa Teresa de Calcuta;Beata Teresia Calcuttensis;1910;1997;Monja católica y misionera albanesa, fundadora de las Misioneras de la Caridad. Premio Nobel de la Paz 1979 por su trabajo con los más pobres.;Soror catholica et missionaria Albanensis, Missionariarum Caritatis fundatrix. Praemium Nobel Pacis anno 1979 propter laborem cum pauperrimis.;Albanés;Albania;Lingua Albanica;https://i.ibb.co/MkxqpJ6j/calcuta.png;Retrato de Teresa de Calcuta creado por Daniel Losada en colaboración con Google Gemini;sq;Albania;Edad Contemporánea;Aetas Contemporanea
38;San Francisco de Asís;Sanctus Franciscus Assisiensis;1182;1226;Fraile católico italiano, fundador de la Orden Franciscana. Conocido por su amor a la naturaleza, la pobreza y la paz.;Frater catholicus Italicus, Ordinis Franciscani fundator. Notus propter amorem naturae, paupertatis et pacis.;Italiano;Italia;Lingua Italica;https://i.ibb.co/V0dZHQNB/horacio.png;Retrato de Horacio creado por Daniel Losada en colaboración con Google Gemini;it;Italia;Edad Media;Medium Aevum
39;Epicuro;Epicurus;-341;-270;Filósofo griego de la Edad Antigua, fundador del epicureísmo, que defendía la búsqueda racional del placer moderado como camino a la felicidad.;Philosophus Graecus Antiquitatis, scholae Epicureae conditor, qui voluptatem moderatam ratione quaesitam viam ad felicitatem esse docebat.;Griego;Grecia;Lingua Graeca;https://i.ibb.co/VWvD2P4t/asis.png;Retrato de San Francisco de Asis creado por Daniel Losada en colaboración con Google Gemini;el;Graecia;Edad Antigua;Antiquitas
40;Marco Aurelio;Marcus Aurelius;121;180;Emperador romano y filósofo estoico de la Edad Antigua, autor de las “Meditaciones”, obra clave del estoicismo práctico.;Imperator Romanus et philosophus Stoicus Antiquitatis, auctor “Meditationum”, operis maximi in praxi Stoica.;Griego;Roma;Lingua Graeca;https://i.ibb.co/0p8F8QbX/marcoaurelio.png;Retrato de Marco Aurelio creado por Daniel Losada en colaboración con Google Gemini;el;Roma;Edad Antigua;Antiquitas
41;Platón;Plato;-427;-347;Filósofo griego de la Edad Antigua, discípulo de Sócrates y maestro de Aristóteles, fundador de la Academia de Atenas.;Philosophus Graecus Antiquitatis, discipulus Socratis et magister Aristotelis, Academiae Atheniensis conditor.;Griego;Grecia;Lingua Graeca;;Retrato de Horacio creado por Daniel Losada en colaboración con Google Gemini;el;Graecia;Edad Antigua;Antiquitas
42;Aristóteles;Aristoteles;-384;-322;Filósofo griego de la Edad Antigua, discípulo de Platón y maestro de Alejandro Magno, figura central del pensamiento lógico, ético y metafísico.;Philosophus Graecus Antiquitatis, discipulus Platonis et magister Alexandri Magni, pars maxima in logica, ethica et metaphysica.;Griego;Grecia;Lingua Graeca;;Retrato de Horacio creado por Daniel Losada en colaboración con Google Gemini;el;Graecia;Edad Antigua;Antiquitas
43;Tales de Mileto;Thales Miletaeus;-624;-546;Filósofo griego presocrático de Mileto, considerado el primer filósofo de Occidente y uno de los Siete Sabios. Predijo el eclipse solar del 585 a.C. y propuso que el agua es la sustancia primordial.;Philosophus Graecus Praesocraticus Miletaeus, primus philosophus Occidentis et unus ex Septem Sapientibus. Praedixit eclipsis solis anno 585 a.C. et aquam substantiam primordialem proposuit.;Griego;Grecia;Lingua Graeca;;Retrato de Horacio creado por Daniel Losada en colaboración con Google Gemini;el;Graecia;Edad Antigua;Antiquitas
44;Pitágoras;Pythagoras;-570;-490;Filósofo y matemático griego de Samos, fundador del pitagorismo. Propuso la inmortalidad del alma, la transmigración y el número como principio de la realidad.;Philosophus et mathematicus Graecus Samius, pythagorismi conditor. Immortalitatem animae, transmigrationem et numerum principium rerum proposuit.;Griego;Grecia;Lingua Graeca;;Retrato de Horacio creado por Daniel Losada en colaboración con Google Gemini;el;Graecia;Edad Antigua;Antiquitas
45;Heráclito;Heraclitus;-535;-480;Filósofo presocrático griego de Éfeso. Propuso el flujo perpetuo de la realidad (panta rhei) y el fuego como elemento primordial.;Philosophus Praesocraticus Graecus Ephesius. Fluxum perpetuum rerum (panta rhei) et ignem elementum primordiale proposuit.;Griego;Grecia;Lingua Graeca;;Retrato de Horacio creado por Daniel Losada en colaboración con Google Gemini;el;Graecia;Edad Antigua;Antiquitas
46;Sócrates;Socrates;-470;-399;Filósofo griego de Atenas, fundador de la filosofía moral occidental. Maestro de Platón, desarrolló el método mayéutico. Fue condenado a muerte por impiedad.;Philosophus Graecus Atheniensis, philosophiae moralis Occidentalis conditor. Magister Platonis, methodum maieuticam elaboravit. Morte damnatus propter impietatem.;Griego;Grecia;Lingua Graeca;;Retrato de Horacio creado por Daniel Losada en colaboración con Google Gemini;el;Graecia;Edad Antigua;Antiquitas
47;Demócrito;Democritus;-460;-370;Filósofo griego de Abdera, fundador del atomismo junto a Leucipo. Propuso que el universo está compuesto por átomos indivisibles en el vacío.;Philosophus Graecus Abderita, atomismi conditor cum Leucippo. Universum ex atomis indivisibilibus in vacuo compositum proposuit.;Griego;Grecia;Lingua Graeca;;Retrato de Horacio creado por Daniel Losada en colaboración con Google Gemini;el;Graecia;Edad Antigua;Antiquitas
48;Protágoras;Protagoras;-490;-420;"Filósofo sofista griego de Abdera, precursor de la enseñanza retórica profesional. Autor de la máxima ""El hombre es la medida de todas las cosas"".";"Philosophus sophista Graecus Abderita, rhetoricae artis professionalis praecursor. Auctor sententiae ""Homo mensura omnium rerum est"".";Griego;Grecia;Lingua Graeca;;Retrato de Horacio creado por Daniel Losada en colaboración con Google Gemini;el;Graecia;Edad Antigua;Antiquitas
49;San Clemente Romano;Clemens Romanus;35;99;Cuarto papa de la Iglesia, Padre Apostólico y mártir. Autor de la carta a los Corintios, documento papal más antiguo después de las epístolas de San Pedro.;Quartus Papa Ecclesiae, Pater Apostolicus et martyr. Auctor epistulae ad Corinthios, documentum pontificale antiquissimum post epistulas Sancti Petri.;Latín;Roma;Lingua Latina;;Retrato de Horacio creado por Daniel Losada en colaboración con Google Gemini;la;Roma;Edad Antigua;Antiquitas
50;San Ignacio de Antioquía;Ignatius Antiochenus;35;107;Obispo de Antioquía, mártir y Padre Apostólico. Discípulo de San Juan Evangelista, martirizado en Roma. Autor de siete cartas escritas camino al martirio.;Episcopus Antiochenus, martyr et Pater Apostolicus. Discipulus Sancti Ioannis Evangelistae, Romae martyrizatus. Auctor septem epistularum in via ad martyrium scriptarum.;Latín;Roma;Lingua Latina;;Retrato de Horacio creado por Daniel Losada en colaboración con Google Gemini;la;Roma;Edad Antigua;Antiquitas
51;San Policarpo de Esmirna;Polycarpus Smyrnaeus;70;155;Obispo de Esmirna, mártir y Padre Apostólico. Discípulo del apóstol Juan, martirizado a los 86 años. Una de las tres figuras principales de los Padres Apostólicos.;Episcopus Smyrnaeus, martyr et Pater Apostolicus. Discipulus apostoli Ioannis, octoginta sex annos natus martyrizatus. Una ex tribus figuris principalibus Patrum Apostolicorum.;Latín;Roma;Lingua Latina;;Retrato de Horacio creado por Daniel Losada en colaboración con Google Gemini;la;Roma;Edad Antigua;Antiquitas
52;San Ireneo de Lyon;Irenaeus Lugdunensis;130;202;Obispo de Lyon, Padre de la Iglesia y mártir. Discípulo de San Policarpo, combatió el gnosticismo. Primer teólogo que consideró esenciales los cuatro evangelios canónicos.;Episcopus Lugdunensis, Pater Ecclesiae et martyr. Discipulus Sancti Polycarpi, gnosticismum impugnavit. Primus theologus quattuor evangelia canonica essentialia consideravit.;Latín;Roma;Lingua Latina;;Retrato de Horacio creado por Daniel Losada en colaboración con Google Gemini;la;Roma;Edad Antigua;Antiquitas
53;San Atanasio;Athanasius Alexandrinus;296;373;"Obispo de Alejandría, Doctor de la Iglesia y defensor de la ortodoxia nicena contra el arrianismo. Autor de la ""Vida de San Antonio"", influyente en la espiritualidad monástica.";"Episcopus Alexandrinus, Doctor Ecclesiae et defensor orthodoxiae Nicaenae contra arianismum. Auctor ""Vita Sancti Antonii"", in spiritualitate monastica influens.";Latín;Roma;Lingua Latina;;Retrato de Horacio creado por Daniel Losada en colaboración con Google Gemini;la;Roma;Edad Antigua;Antiquitas
54;San Basilio Magno;Basilius Magnus;330;379;Obispo de Cesarea, Doctor de la Iglesia y Padre Capadocio. Hermano de San Gregorio de Nisa, organizador del monaquismo oriental y defensor de la ortodoxia nicena.;Episcopus Caesariensis, Doctor Ecclesiae et Pater Cappadocius. Frater Sancti Gregorii Nysseni, monasticismi orientalis organizator et orthodoxiae Nicaenae defensor.;Latín;Roma;Lingua Latina;;Retrato de Horacio creado por Daniel Losada en colaboración con Google Gemini;la;Roma;Edad Antigua;Antiquitas
55;San Gregorio Nacianceno;Gregorius Nazianzenus;329;390;"Arzobispo de Constantinopla, Doctor de la Iglesia y Padre Capadocio. Llamado ""el Teólogo"", gran orador y defensor de la Trinidad. Uno de los tres Padres Capadocios.";"Archiepiscopus Constantinopolitanus, Doctor Ecclesiae et Pater Cappadocius. ""Theologus"" vocatus, orator magnus et defensor Trinitatis. Unus ex tribus Patribus Cappadociis.";Latín;Roma;Lingua Latina;;Retrato de Horacio creado por Daniel Losada en colaboración con Google Gemini;la;Roma;Edad Antigua;Antiquitas
56;San Gregorio de Nisa;Gregorius Nyssenus;335;394;Obispo de Nisa, Doctor de la Iglesia y Padre Capadocio. Hermano de San Basilio Magno, teólogo místico y filósofo cristiano. Uno de los tres Padres Capadocios.;Episcopus Nyssenus, Doctor Ecclesiae et Pater Cappadocius. Frater Sancti Basilii Magni, theologus mysticus et philosophus Christianus. Unus ex tribus Patribus Cappadociis.;Latín;Roma;Lingua Latina;;Retrato de Horacio creado por Daniel Losada en colaboración con Google Gemini;la;Roma;Edad Antigua;Antiquitas
57;San Ambrosio;Ambrosius Mediolanensis;340;397;Obispo de Milán, Doctor de la Iglesia y Padre Latino. Maestro de San Agustín, defensor de la ortodoxia y autoridad moral frente al poder imperial.;Episcopus Mediolanensis, Doctor Ecclesiae et Pater Latinus. Magister Sancti Augustini, orthodoxiae defensor et auctoritas moralis contra imperium.;Latín;Roma;Lingua Latina;;Retrato de Horacio creado por Daniel Losada en colaboración con Google Gemini;la;Roma;Edad Antigua;Antiquitas
58;San Jerónimo;Hieronymus Stridonensis;347;420;Padre y Doctor de la Iglesia, traductor de la Biblia al latín (Vulgata). Erudito políglota, asceta y polemista, patrono de los traductores.;Pater et Doctor Ecclesiae, translator Bibliae in Latinum (Vulgata). Eruditus polyglottus, asceta et polemista, patronus interpretum.;Latín;Roma;Lingua Latina;;Retrato de Horacio creado por Daniel Losada en colaboración con Google Gemini;la;Roma;Edad Antigua;Antiquitas
59;San León Magno;Leo Magnus;400;461;Papa, Doctor de la Iglesia. Convocó el Concilio de Calcedonia, detuvo a Atila en las puertas de Roma. Defensor de la primacía papal y la cristología ortodoxa.;Papa, Doctor Ecclesiae. Concilium Chalcedonense convocavit, Attilam ad portas Romae inhibuit. Primatus papalis et christologiae orthodoxae defensor.;Latín;Roma;Lingua Latina;;Retrato de Horacio creado por Daniel Losada en colaboración con Google Gemini;la;Roma;Edad Antigua;Antiquitas
60;San Cipriano;Cyprianus Carthaginensis;210;258;"Obispo de Cartago, Padre de la Iglesia y mártir. Teólogo de la unidad eclesiástica, autor de ""Sobre la unidad de la Iglesia"". Martirizado durante la persecución de Valeriano.";"Episcopus Carthaginensis, Pater Ecclesiae et martyr. Theologus unitatis ecclesiasticae, auctor ""De unitate Ecclesiae"". In persecutione Valeriani martyrizatus.";Latín;Roma;Lingua Latina;;Retrato de Horacio creado por Daniel Losada en colaboración con Google Gemini;la;Roma;Edad Antigua;Antiquitas
61;San Anselmo de Canterbury;Anselmus Cantuariensis;1033;1109;Arzobispo de Canterbury, Doctor de la Iglesia y filósofo. Autor del argumento ontológico de la existencia de Dios. Padre de la escolástica.;Archiepiscopus Cantuariensis, Doctor Ecclesiae et philosophus. Auctor argumenti ontologici existentiae Dei. Pater scholasticae.;Latín;Italia;Lingua Latina;;Retrato de Horacio creado por Daniel Losada en colaboración con Google Gemini;la;Italia;Edad Media;Medium Aevum
62;Guillermo de Ockham;Gulielmus de Ockham;1287;1347;"Filósofo y teólogo franciscano inglés. Padre del nominalismo, autor de la ""navaja de Ockham"" (principio de parsimonia). Defensor de la separación entre fe y razón.";"Philosophus et theologus Franciscanus Anglicus. Pater nominalismi, auctor ""novaculae Occami"" (principium parsimoniae). Separationis inter fidem et rationem defensor.";Inglés;Reino Unido;Lingua Anglica;;Retrato de Horacio creado por Daniel Losada en colaboración con Google Gemini;en;Regnum Unitum;Edad Media;Medium Aevum
63;Leonardo da Vinci;Leonardus Vincius;1452;1519;Polímata florentino del Renacimiento italiano. Fue pintor, anatomista, arquitecto, paleontólogo, botánico, escritor, escultor, filósofo, ingeniero, inventor, músico, poeta y urbanista. Famoso por obras como La Última Cena y La Mona Lisa.;Leonardus Vincius fuit polyhistor Florentinus Renascentiae Italicae. Pictor, anatomista, architectus, palaeontologus, botanicus, scriptor, sculptor, philosophus, ingeniarius, inventor, musicus, poeta et urbanista fuit. Notissimus ob opera ut Cena Ultima et Mona Lisa.;Italiano;Italia;Lingua Italica;;Retrato de Horacio creado por Daniel Losada en colaboración con Google Gemini;it;Italia;Edad Media;Medium Aevum
64;San Juan de la Cruz;Sanctus Ioannes a Cruce;1542;1591;Místico y poeta español, Doctor de la Iglesia. Reformador del Carmelo junto a Santa Teresa de Jesús, autor de obras cumbre de la mística cristiana como Noche oscura del alma, Cántico espiritual y Llama de amor viva. Maestro de la vida espiritual y el amor divino.;Mysticus et poeta Hispanicus, Doctor Ecclesiae. Carmeli reformator cum Sancta Theresia ab Iesu, auctor operum mysticae Christianae ut Nox obscura animae, Canticum spirituale et Flamma amoris vivae. Magister vitae spiritualis et amoris divini.;Español;España;Lingua Hispanica;;Retrato de Horacio creado por Daniel Losada en colaboración con Google Gemini;es;Hispania;Edad Moderna;Nova Aetas
65;Santa Teresa de Jesús;Sancta Theresia ab Iesu;1515;1582;Mística y escritora española, Doctora de la Iglesia. Fundadora de las Carmelitas Descalzas, reformadora del Carmelo. Autora de obras maestras como El Castillo Interior y Camino de Perfección. Cumbre de la mística experimental cristiana junto a San Juan de la Cruz.;Mystica et scriptrix Hispanica, Doctor Ecclesiae. Carmelitarum Discalceatarum fundatrix, Carmeli reformatrix. Auctor operum ut Castellum Interius et Via Perfectionis. Culmen mysticae experimentalis Christianae cum Sancto Ioanne a Cruce.;Español;España;Lingua Hispanica;;Retrato de Horacio creado por Daniel Losada en colaboración con Google Gemini;es;Hispania;Edad Moderna;Nova Aetas
66;San Juan Bosco;Sanctus Ioannes Bosco;1815;1888;Sacerdote italiano fundador de la Congregación Salesiana y de las Hijas de María Auxiliadora. Padre y maestro de la juventud, dedicó su vida a la educación y formación de los jóvenes pobres. Su pedagogía se basaba en la alegría, la piedad y el estudio.;Sacerdos Italicus Congregationis Salesianae et Filiarum Mariae Auxiliatricis fundator. Pater et magister iuventutis, vitam suam educationi et formationi iuvenum pauperum dedicavit. Paedagogia eius in laetitia, pietate et studio fundata erat.;Italiano;Italia;Lingua Italica;;Retrato de Horacio creado por Daniel Losada en colaboración con Google Gemini;it;Italia;Edad Contemporánea;Aetas Contemporanea
67;Benedicto XVI;Benedictus XVI;1927;2022;Papa emérito de la Iglesia Católica desde 2005 hasta 2013, primer pontífice en renunciar al papado en casi 600 años. Teólogo brillante, Prefecto de la Congregación para la Doctrina de la Fe durante 24 años. Autor de numerosas obras teológicas sobre fe, razón, verdad y amor.;Papa emeritus Ecclesiae Catholicae ab anno 2005 usque 2013, primus pontifex qui papatu renuntiavit in fere 600 annis. Theologus praeclarus, Praefectus Congregationis pro Doctrina Fidei per 24 annos. Auctor numerosarum operum theologicarum de fide, ratione, veritate et amore.;Alemán;Alemania;Lingua Germanica;;Retrato de Horacio creado por Daniel Losada en colaboración con Google Gemini;de;Germania;Edad Contemporánea;Aetas Contemporanea
68;Santa Teresita de Lisieux;Sancta Theresia a Lisieux;1873;1897;Monja carmelita francesa, Doctora de la Iglesia. Desarrolló el Caminito de infancia espiritual, la teología de la pequeñez. Autora de Historia de un alma. Patrona de las misiones y de Francia. Prometió pasar su cielo haciendo el bien en la tierra.;Soror Carmelita Francogallica, Doctor Ecclesiae. Viam parvam infantiae spiritualis, theologiam parvitatis elaboravit. Auctor Historiae animae. Patrona missionum et Galliae. Promisit se caelum transacturam bonum in terra faciens.;Francés;Francia;Lingua Gallica;;Retrato de Horacio creado por Daniel Losada en colaboración con Google Gemini;fr;Francia;Edad Contemporánea;Aetas Contemporanea
69;María Montessori;Maria Montessori;1870;1952;Médica y pedagoga italiana, creadora del Método Montessori. Primera mujer médica de Italia, desarrolló una innovadora filosofía educativa centrada en el respeto al niño, su libertad, autonomía e independencia. Su método revolucionó la educación infantil mundial enfatizando el aprendizaje natural y sensorial.;Medica et paedagoga Italica, creatrix Methodi Montessori. Prima femina medica Italiae, philosophiam educativam innovativam elaboravit in respectu pueri, libertate, autonomia et independentia fundatam. Methodus eius educationem infantilem mundialem transformavit emphasim in apprehensione naturali et sensoriali ponens.;Italiano;Italia;Lingua Italica;;Retrato de Horacio creado por Daniel Losada en colaboración con Google Gemini;it;Italia;Edad Contemporánea;Aetas Contemporanea
70;Paulo Freire;Paulus Freire;1921;1997;Pedagogo brasileño, creador de la Pedagogía del Oprimido y la educación liberadora. Desarrolló un revolucionario método de alfabetización crítica que entiende la educación como práctica de libertad y transformación social. Figura fundamental de la pedagogía crítica mundial.;Paedagogus Brasilianus, creator Paedagogiae Oppressorum et educationis liberatricis. Methodum revolutionarium alphabetizationis criticae elaboravit qui educationem ut praxim libertatis et transformationis socialis intelligit. Figura fundamentalis paedagogiae criticae mundialis.;Portugués;Brasil;Lingua Lusitanica;;Retrato de Horacio creado por Daniel Losada en colaboración con Google Gemini;pt;Brasilia;Edad Contemporánea;Aetas Contemporanea
71;San José de Calasanz;Sanctus Iosephus Calasanctius;1557;1648;Sacerdote español fundador de las Escuelas Pías y de la Orden de los Escolapios. Pionero de la educación popular gratuita y universal en Europa, abrió la primera escuela pública gratuita en 1597 en Roma. Su lema educativo fue Piedad y Letras, defendiendo la educación integral para todos sin distinción.;Sacerdos Hispanicus Scholarum Piarum et Ordinis Clericorum Regularium Pauperum Matris Dei Scholarum Piarum fundator. Pionarius educationis popularis gratuitae et universalis in Europa, primam scholam publicam gratuitam anno 1597 Romae aperuit. Lemma educativum eius fuit Pietas et Litterae, educationem integralem pro omnibus sine distinctione defendens.;Español;España;Lingua Hispanica;;Retrato de Horacio creado por Daniel Losada en colaboración con Google Gemini;es;Hispania;Edad Moderna;Nova Aetas
72;Erasmo de Rotterdam;Desiderius Erasmus Roterodamus;1469;1536;Humanista, filósofo y teólogo neerlandés, figura cumbre del Renacimiento europeo. Crítico de la Iglesia desde dentro, defensor de la reforma educativa y moral. Amigo de Tomás Moro, editor del Nuevo Testamento griego y las obras de San Jerónimo. Autor del Elogio de la locura y precursor del pensamiento moderno.;Humanista, philosophus et theologus Batavus, figura culmen Renascentiae Europaeae. Criticus Ecclesiae ab intra, defensor reformae educativae et moralis. Amicus Thomae Mori, editor Novi Testamenti Graeci et operum Sancti Hieronymi. Auctor Moriae Encomii et praecursor cogitationis modernae.;Latín;Países Bajos;Lingua Latina;;Retrato de Horacio creado por Daniel Losada en colaboración con Google Gemini;la;Nederlandia;Edad Media;Medium Aevum
73;Arthur Schopenhauer;Arthurus Schopenhauer;1788;1860;Filósofo alemán, considerado uno de los más brillantes del siglo XIX. Máximo representante del pesimismo filosófico, autor de El mundo como voluntad y representación. Influyó profundamente en Nietzsche, Freud, Wagner y el existencialismo. Pionero en declararse abiertamente ateo y en integrar el pensamiento oriental en la filosofía occidental.;Philosophus Germanicus, unus ex clarissimis saeculi XIX. Maximus repraesentans pessimismi philosophici, auctor Mundi ut Voluntatis et Repraesentationis. In Nietzsche, Freud, Wagner et existentialismum profunde influxit. Pionarius in aperte atheum se declarare et in cogitationem orientalem in philosophiam occidentalem integrare.;Alemán;Alemania;Lingua Germanica;;Retrato de Horacio creado por Daniel Losada en colaboración con Google Gemini;de;Germania;Edad Moderna;Nova Aetas
74;Hannah Arendt;Hannah Arendt;1906;1975;Filósofa política alemana de origen judío, una de las pensadoras más influyentes del siglo XX. Autora de Los orígenes del totalitarismo, La condición humana y Eichmann en Jerusalén. Desarrolló conceptos fundamentales sobre la libertad, la acción política, el totalitarismo y la banalidad del mal. Discípula de Heidegger y Jaspers.;Philosopha politica Germanica originis Iudaicae, una ex cogitatoribus maxime influentibus saeculi XX. Auctor Originum Totalitarismi, Conditionis Humanae et Eichmann in Ierusalem. Conceptus fundamentales de libertate, actione politica, totalitarismo et banalitate mali elaboravit. Discipula Heideggeri et Jaspers.;Alemán;Alemania;Lingua Germanica;;Retrato de Horacio creado por Daniel Losada en colaboración con Google Gemini;de;Germania;Edad Contemporánea;Aetas Contemporanea
75;Immanuel Kant;Immanuel Kant;1724;1804;Filósofo alemán de la Ilustración, figura central de la filosofía moderna. Autor de la Crítica de la razón pura, Crítica de la razón práctica y Crítica del juicio. Desarrolló el imperativo categórico como fundamento de la ética universal. Revolucionó la epistemología, la ética y la estética, estableciendo los límites del conocimiento humano.;Philosophus Germanicus Illuminationis, figura centralis philosophiae modernae. Auctor Criticae Rationis Purae, Criticae Rationis Practicae et Criticae Iudicii. Imperativum categoricum ut fundamentum ethicae universalis elaboravit. Epistemologiam, ethicam et aestheticam revolutionavit, limites cognitionis humanae constituens.;Alemán;Alemania;Lingua Germanica;;Retrato de Horacio creado por Daniel Losada en colaboración con Google Gemini;de;Germania;Edad Moderna;Nova Aetas
76;José Ortega y Gasset;Iosephus Ortega y Gasset;1883;1955;Filósofo y ensayista español, figura cumbre del pensamiento hispánico del siglo XX. Creador del raciovitalismo y la razón histórica. Autor de La rebelión de las masas, Meditaciones del Quijote y El tema de nuestro tiempo. Su frase Yo soy yo y mi circunstancia resume su filosofía de la vida como realidad radical.;Philosophus et scriptor Hispanicus, figura culmen cogitationis Hispanicae saeculi XX. Creator ratiovitalismi et rationis historicae. Auctor Rebellionis Massarum, Meditationum de Quixote et Thematis Temporis Nostri. Sententia eius Ego sum ego et circumstantia mea philosophiam vitae ut realitatis radicalis compendit.;Español;España;Lingua Hispanica;;Retrato de Horacio creado por Daniel Losada en colaboración con Google Gemini;es;Hispania;Edad Contemporánea;Aetas Contemporanea
77;Søren Kierkegaard;Soren Kierkegaard;1813;1855;Filósofo y teólogo danés, considerado el padre del existencialismo. Crítico del racionalismo hegeliano y de la cristiandad institucionalizada. Autor de Temor y temblor, El concepto de la angustia y La enfermedad mortal. Desarrolló los tres estadios de la existencia: estético, ético y religioso. Enfatizó la subjetividad, la fe como salto y la angustia existencial.;Philosophus et theologus Danicus, pater existentialismi consideratus. Criticus rationalismi Hegeliani et Christianitatis institutionalizatae. Auctor Timoris et Tremoris, Conceptus Angustiae et Morbi ad Mortem. Tria stadia existentiae elaboravit: aestheticum, ethicum et religiosum. Subiectivitatem, fidem ut saltum et angustiam existentialem emphasizavit.;Danés;Dinamarca;Lingua Danica;;Retrato de Horacio creado por Daniel Losada en colaboración con Google Gemini;da;Dania;Edad Contemporánea;Aetas Contemporanea
9999;Anónimo;Anonymous;;;Autor desconocido, usado para refranes y proverbios populares.;Auctor ignotus, usus pro proverbiorum popularium collectione.;nd;nd;#N/D;;Retrato de Horacio creado por Daniel Losada en colaboración con Google Gemini;#N/D;#N/D;Epoca Desconocida;Epocha Ignota
78;Johann Amos Comenius;Iohannes Amos Comenius;1592;1670;Pedagogo filósofo y teólogo checo considerado el padre de la pedagogía moderna. Autor de la Didáctica Magna donde propone el ideal pansófico de enseñar todo a todos. Creó el primer libro ilustrado para niños Orbis Pictus. Pionero de métodos educativos que respetan el desarrollo natural del niño y defensor de la educación universal.;Paedagogus philosophus et theologus Bohemicus pater paedagogiae modernae consideratus. Auctor Didacticae Magnae ubi ideal pansophicum docere omnia omnibus proponit. Primum librum illustratum pro pueris Orbis Pictus creavit. Pionarius methodorum educativarum quae progressum naturalem pueri respectant et defensor educationis universalis.;Latín;Chequia;Lingua Latina;;Retrato de Horacio creado por Daniel Losada en colaboración con Google Gemini;la;Cechia;Edad Moderna;Nova Aetas
79;Jean-Jacques Rousseau;Ioannes Iacobus Rousseau;1712;1778;Filósofo escritor y pedagogo suizo de la Ilustración. Autor de El Emilio obra fundamental de la pedagogía moderna que propone una educación basada en la naturaleza y la libertad del niño. Defensor del aprendizaje experiencial y del juego como método educativo. Influyó profundamente en Pestalozzi y toda la pedagogía posterior.;Philosophus scriptor et paedagogus Helveticus Illuminationis. Auctor Emilii operis fundamentalis paedagogiae modernae quod educationem in natura et libertate pueri fundatam proponit. Defensor apprenhesionis experientiatis et ludi ut methodi educativae. In Pestalozzi et omnem paedagogiam posteriorem profunde influxit.;Francés;Suiza;Lingua Gallica;;Retrato de Horacio creado por Daniel Losada en colaboración con Google Gemini;fr;Helvetia;Edad Moderna;Nova Aetas
80;Johann Heinrich Pestalozzi;Iohannes Henricus Pestalozzi;1746;1827;Pedagogo y reformador educativo suizo que aplicó los ideales de la Ilustración a la educación. Defensor de la educación integral basada en la intuición la experiencia y el desarrollo natural del niño. Fundó escuelas para niños pobres. Su lema fue la cabeza el corazón y las manos. Influyó decisivamente en Froebel Herbart y la pedagogía moderna.;Paedagogus et reformator educativus Helveticus qui idealia Illuminationis ad educationem applicavit. Defensor educationis integralis in intuitione experientia et progressu naturali pueri fundatae. Scholas pro pueris pauperibus fundavit. Lemma eius fuit caput cor et manus. In Froebel Herbart et paedagogiam modernam decisive influxit.;Alemán;Suiza;Lingua Germanica;;Retrato de Horacio creado por Daniel Losada en colaboración con Google Gemini;de;Helvetia;Edad Moderna;Nova Aetas
81;Jean Piaget;Ioannes Piaget;1896;1980;Psicólogo y epistemólogo suizo creador de la teoría del desarrollo cognitivo. Revolucionó la comprensión del pensamiento infantil describiendo cuatro estadios del desarrollo sensoriomotor preoperacional operaciones concretas y operaciones formales. Defendió que el niño construye activamente su conocimiento mediante la interacción con el entorno.;Psychologus et epistemologus Helveticus creator theoriae progressus cognitivi. Intellectionem cogitationis infantilis revolutionavit describens quattuor stadia progressus sensoriomotorem praeoperationalem operationes concretas et operationes formales. Defendit puerum active cognitionem suam construere mediante interactione cum ambitu.;Francés;Suiza;Lingua Gallica;;Retrato de Horacio creado por Daniel Losada en colaboración con Google Gemini;fr;Helvetia;Edad Contemporánea;Aetas Contemporanea
82;Lev Vygotsky;Lev Vygotsky;1896;1934;Psicólogo y pedagogo soviético fundador de la psicología histórico-cultural. Creador del concepto de Zona de Desarrollo Próximo que explica cómo el aprendizaje social precede al desarrollo individual. Enfatizó la importancia del lenguaje la cultura y la interacción social en el desarrollo cognitivo. Pionero de la pedagogía sociocultural.;Psychologus et paedagogus Sovieticus fundator psychologiae historico-culturalis. Creator conceptus Zonae Progressus Proximi qui explicat quomodo apprehensio socialis progressum individualem praecedit. Importantiam linguae culturae et interactionis socialis in progressu cognitivo emphasizavit. Pionarius paedagogiae socioculturalis.;Ruso;Rusia;Lingua Russica;;Retrato de Horacio creado por Daniel Losada en colaboración con Google Gemini;ru;Russia;Edad Contemporánea;Aetas Contemporanea
83;Friedrich Froebel;Fridericus Froebel;1782;1852;Pedagogo alemán fundador del primer kindergarten jardín de infancia del mundo en 1840. Desarrolló una pedagogía centrada en el juego la actividad espontánea y la creatividad infantil. Creó los dones de Froebel materiales didácticos para el desarrollo sensorial y cognitivo. Discípulo de Pestalozzi revolucionó la educación infantil.;Paedagogus Germanicus fundator primi kindergarten horti infantium mundi anno 1840. Paedagogiam in ludo activitate spontanea et creativitate infantili fundatam elaboravit. Dona Froebelii materias didacticas pro progressu sensoriali et cognitivo creavit. Discipulus Pestalozzi educationem infantilem revolutionavit.;Alemán;Alemania;Lingua Germanica;;Retrato de Horacio creado por Daniel Losada en colaboración con Google Gemini;de;Germania;Edad Moderna;Nova Aetas
84;Ovide Decroly;Ovidius Decroly;1871;1932;Médico psicólogo y pedagogo belga creador del método Decroly basado en los centros de interés del niño. Propuso una educación globalizada que parte de las necesidades e intereses infantiles. Fundó la Escuela de l'Ermitage en Bruselas. Defensor de la observación directa la naturaleza y el aprendizaje significativo mediante la vida para la vida.;Medicus psychologus et paedagogus Belgicus creator methodi Decroly in centris interesse pueri fundati. Educationem globalizatam quae a necessitatibus et interessibus infantilibus procedit proposuit. Scholam de l'Ermitage Bruxellis fundavit. Defensor observationis directae naturae et apprenhesionis significativae mediante vita pro vita.;Francés;Bélgica;Lingua Gallica;;Retrato de Horacio creado por Daniel Losada en colaboración con Google Gemini;fr;Belgica;Edad Contemporánea;Aetas Contemporanea
85;San Felipe Neri;Sanctus Philippus Nerius;1515;1595;Sacerdote italiano fundador de la Congregación del Oratorio conocido como el Apóstol de Roma. Revolucionó la educación juvenil mediante la alegría el buen humor la música y el afecto. Promovió una espiritualidad accesible basada en la alegría como signo de la presencia de Dios. Su lema era Estad alegres en el Señor siempre.;Sacerdos Italicus Congregationis Oratorii fundator Apostolus Romae cognitus. Educationem iuvenum per laetitiam bonum humorem musicam et affectum revolutionavit. Spiritualitatem accessibilem in laetitia ut signo praesentiae Dei fundatam promovit. Lemma eius erat State laeti in Domino semper.;Italiano;Italia;Lingua Italica;;Retrato de Horacio creado por Daniel Losada en colaboración con Google Gemini;it;Italia;Edad Moderna;Nova Aetas
86;Santa Teresa de la Cruz;Teresia Benedicta a Cruce ;1891;1942;Filósofa mística y monja carmelita alemana de origen judío con nombre religioso Santa Teresa Benedicta de la Cruz. Discípula de Husserl experta en fenomenología desarrolló una profunda antropología cristiana y escritos sobre la formación de la mujer. Mártir del Holocausto asesinada en Auschwitz. Doctora de la Iglesia patrona de Europa.;Philosopha mystica et monacha Carmelita Germanica originis Iudaicae nomine religioso Sancta Teresia Benedicta a Cruce. Discipula Husserl experta in phenomenologia anthropologiam Christianam profundam et scripta de formatione mulieris elaboravit. Martyr Holocausti in Auschwitz interfecta. Doctor Ecclesiae patrona Europae.;Alemán;Alemania;Lingua Germanica;;Retrato de Horacio creado por Daniel Losada en colaboración con Google Gemini;de;Germania;Edad Contemporánea;Aetas Contemporanea
87;Beato Carlo Acutis;Beatus Carolus Acutis;1991;2006;Joven italiano beatificado conocido como el ciberapóstol de la Eucaristía y patrono de internet. Utilizó sus conocimientos informáticos para evangelizar creando una exposición virtual de milagros eucarísticos. Ejemplo de santidad juvenil en la era digital vivió una profunda devoción eucarística y mariana. Su lema era Todos nacen como originales pero muchos mueren como fotocopias.;Iuvenis Italicus beatificatus ut ciberapostolus Eucharistiae et patronus interretis cognitus. Cognitionem informaticam ad evangelizandum adhibuit expositionem virtualem miraculorum eucharisticorum creans. Exemplum sanctitatis iuvenilis in aetate digitali devotionem eucharisticam et marianam profundam vixit. Lemma eius erat Omnes ut originales nascuntur sed multi ut photocopiae moriuntur.;Italiano;Italia;Lingua Italica;;Retrato de Horacio creado por Daniel Losada en colaboración con Google Gemini;it;Italia;Edad Contemporánea;Aetas Contemporanea
88;Friedrich Froebel;Fridericus Froebel;1782;1852;Pedagogo alemán fundador del primer kindergarten jardín de infancia del mundo en 1840. Desarrolló una pedagogía centrada en el juego la actividad espontánea y la creatividad infantil. Creó los dones de Froebel materiales didácticos para el desarrollo sensorial y cognitivo. Discípulo de Pestalozzi revolucionó la educación infantil.;Paedagogus Germanicus fundator primi kindergarten horti infantium mundi anno 1840. Paedagogiam in ludo activitate spontanea et creativitate infantili fundatam elaboravit. Dona Froebelii materias didacticas pro progressu sensoriali et cognitivo creavit. Discipulus Pestalozzi educationem infantilem revolutionavit.;Alemán;Alemania;Lingua Germanica;;Retrato de Horacio creado por Daniel Losada en colaboración con Google Gemini;de;Germania;Edad Moderna;Nova Aetas
89;Rudolf Steiner;Rudolphus Steiner;1861;1925;Filósofo educador y esoterista austriaco fundador de la Antroposofía y la pedagogía Waldorf. Creó en 1919 la primera escuela Waldorf en Stuttgart basada en una educación artística y espiritual del ser humano completo cuerpo alma y espíritu. Desarrolló la teoría de los septenios tres etapas de siete años en el desarrollo infantil. Revolucionó la educación enfatizando el arte la imaginación y el desarrollo integral.;Philosophus educator et esotericus Austriacus fundator Anthroposophiae et paedagogiae Waldorf. Anno 1919 primam scholam Waldorf Stuttgartiae creavit in educatione artistica et spirituali hominis completi corporis animae et spiritus fundatam. Theoriam septenniorum trium stadiorum septem annorum in progressu infantili elaboravit. Educationem revolutionavit artem imaginationem et progressum integralem emphasizans.;Alemán;Austria;Lingua Germanica;;Retrato de Horacio creado por Daniel Losada en colaboración con Google Gemini;de;Austria;Edad Contemporánea;Aetas Contemporanea
90;Gabriela Mistral;Gabriela Mistral;1889;1957;Poetisa pedagoga diplomática y activista chilena. Primera mujer hispanoamericana en recibir el Premio Nobel de Literatura en 1945. Maestra rural devota dedicó su vida a la educación de los niños pobres. Su obra pedagógica enfatiza el amor maternal en la enseñanza y la responsabilidad social del maestro. Autora de la célebre Oración de la Maestra y numerosos pensamientos pedagógicos de extraordinaria belleza lírica.;Poetisa paedagoga diplomatica et activista Chilensis. Prima mulier Hispane Americana Praemium Nobel Litterarum anno 1945 recepit. Magistra ruralis devota vitam suam educationi puerorum pauperum dedicavit. Opus paedagogicum eius amorem maternum in docendo et responsabilitatem socialem magistri emphasizat. Auctor celebris Orationis Magistrae et numerosorum cogitationum paedagogicarum extraordinariae pulchritudinis lyricae.;Español;Chile;Lingua Hispanica;;Retrato de Horacio creado por Daniel Losada en colaboración con Google Gemini;es;Chili;Edad Contemporánea;Aetas Contemporanea
91;Howard Gardner;Howardus Gardner;1943;;Psicólogo y pedagogo estadounidense creador de la Teoría de las Inteligencias Múltiples publicada en 1983. Revolucionó el concepto tradicional de inteligencia proponiendo que existen al menos ocho tipos de inteligencia lingüística lógico-matemática espacial musical corporal-kinestésica interpersonal intrapersonal y naturalista. Cofundador del Proyecto Cero en Harvard transformó la comprensión del aprendizaje y la evaluación educativa.;Psychologus et paedagogus Americanus creator Theoriae Intelligentiarum Multiplicium anno 1983 publicatae. Conceptum traditionalem intelligentiae revolutionavit proponens octo saltem species intelligentiae linguisticam logico-mathematicam spatialem musicalem corporeo-kinaestheticam interpersonalem intrapersonalem et naturalisticam existere. Cofundator Projecti Zero in Harvard intellectionem apprenhesionis et aestimationis educativae transformavit.;Inglés;Estados Unidos;Lingua Anglica;;Retrato de Horacio creado por Daniel Losada en colaboración con Google Gemini;en;Civitates Foederatae Americae;Edad Contemporánea;Aetas Contemporanea
92;Ken Robinson;Ken Robinson;1950;2020;Educador escritor y conferencista británico líder mundial en desarrollo de la creatividad y la innovación educativa. Su charla TED Las escuelas matan la creatividad es la más vista de la historia. Crítico del sistema educativo industrial defendió una transformación radical que priorice la creatividad la imaginación y la diversidad de talentos. Autor de El Elemento y otros libros sobre educación y creatividad.;Educator scriptor et concionator Britannicus dux mundialis in progressu creativitatis et innovationis educativae. Allocutio eius TED Scholae creativitatem necant maxime visa in historia est. Criticus systematis educativi industrialis transformationem radicalem defendit quae creativitatem imaginationem et diversitatem talentorum prioritatem habeat. Auctor libri Elementum et aliorum de educatione et creativitate.;Inglés;Reino Unido;Lingua Anglica;;Retrato de Horacio creado por Daniel Losada en colaboración con Google Gemini;en;Regnum Unitum;Edad Contemporánea;Aetas Contemporanea
93;Albert Bandura;Albertus Bandura;1925;2021;Psicólogo canadiense-estadounidense creador de la Teoría del Aprendizaje Social. Demostró que los niños aprenden por observación e imitación mediante su famoso experimento del muñeco Bobo. Desarrolló el concepto de autoeficacia la creencia en las propias capacidades. Puente entre el conductismo y el cognitivismo su teoría es pilar fundamental de la psicología educativa moderna sobre el rol del maestro como modelo.;Psychologus Canadensis-Americanus creator Theoriae Apprenhesionis Socialis. Demonstravit pueros per observationem et imitationem discere mediante celebri experimento bamboli Bobo. Conceptum autoeficaciae credentiam in facultatibus propriis elaboravit. Pons inter conductismum et cognitivismum theoria eius fundamentum est psychologiae educativae modernae de munere magistri ut exemplaris.;Inglés;Canadá;Lingua Anglica;;Retrato de Horacio creado por Daniel Losada en colaboración con Google Gemini;en;Canada;Edad Contemporánea;Aetas Contemporanea
94;B.F. Skinner;Burrhus Frederic Skinner;1904;1990;Psicólogo estadounidense máximo exponente del conductismo. Creador de la teoría del condicionamiento operante basada en refuerzos y castigos que revolucionó la comprensión del aprendizaje. Desarrolló la caja de Skinner para estudiar el comportamiento animal. Aunque polémico su trabajo sobre el refuerzo positivo y negativo es pilar de la psicología del aprendizaje y las técnicas de modificación de conducta en educación.;Psychologus Americanus maximus exponent conductismi. Creator theoriae conditionamenti operantis in reinfortiis et punitionibus fundatae quae intellectionem apprenhesionis revolutionavit. Capsulam Skinner ad studendum comportamentum animalium elaboravit. Quamvis controversus opus eius de reinfortio positivo et negativo fundamentum est psychologiae apprenhesionis et technicarum modificationis conductus in educatione.;Inglés;Estados Unidos;Lingua Anglica;;Retrato de Horacio creado por Daniel Losada en colaboración con Google Gemini;en;Civitates Foederatae Americae;Edad Contemporánea;Aetas Contemporanea
95;Jacques Maritain;Iacobus Maritain;1882;1973;Filósofo católico francés máximo exponente del tomismo y del humanismo cristiano. Autor de Los fines de la educación y La educación en la encrucijada donde desarrolló una filosofía educativa centrada en la formación integral de la persona humana cuerpo alma y espíritu. Defendió que el fin primario de la educación es la conquista de la libertad interior y espiritual no solo la preparación técnica o profesional. Influyó en la Declaración Universal de Derechos Humanos.;Philosophus catholicus Francogallicus maximus exponent thomismi et humanismi Christiani. Auctor Finium Educationis et Educationis in Cruciviis ubi philosophiam educativam in formatione integrali personae humanae corporis animae et spiritus fundatam elaboravit. Defendit finem primarium educationis esse conquestum libertatis interioris et spiritualis non solum praeparationem technicam aut professionalem. In Declarationem Universalem Iurium Humanorum influxit.;Francés;Francia;Lingua Gallica;;Retrato de Horacio creado por Daniel Losada en colaboración con Google Gemini;fr;Francia;Edad Contemporánea;Aetas Contemporanea
96;C.S. Lewis;Clive Staples Lewis;1898;1963;Escritor académico y apologista cristiano irlandés-británico. Profesor en Oxford y Cambridge autor de Las Crónicas de Narnia y obras apologéticas como Mero Cristianismo. Su libro La abolición del hombre es fundamental en filosofía de la educación defendiendo que educar no es solo instruir la mente sino formar el corazón cultivando sentimientos justos y afectos ordenados. Crítico de la manipulación educativa sin valores objetivos.;Scriba academicus et apologista Christianus Hibernicus-Britannicus. Professor Oxonii et Cantabrigiae auctor Chronicarum Narniae et operum apologeticarum ut Mere Christianitas. Liber eius Abolitio Hominis fundamentalis est in philosophia educationis defendens educare non esse solum mentem instruere sed cor formare sentimenta iusta et affectus ordinatos colendo. Criticus manipulationis educativae sine valoribus obiectis.;Inglés;Reino Unido;Lingua Anglica;;Retrato de Horacio creado por Daniel Losada en colaboración con Google Gemini;en;Regnum Unitum;Edad Contemporánea;Aetas Contemporanea
97;Gregorio Luri;Gregorius Luri;1955;;Filósofo pedagogo y maestro español uno de los mayores expertos en educación de España. Crítico de las modas pedagógicas sin rigor defiende una escuela centrada en el conocimiento riguroso y la transmisión cultural. Autor de La escuela no es un parque de atracciones y Por una educación republicana. Enfatiza que el saber riguroso es intrínsecamente educador emocional y que sin instrucción no hay pensamiento crítico. Defensor de la memoria la exigencia y el papel del maestro como magister.;Philosophus paedagogus et magister Hispanicus unus ex maximis expertis educationis Hispaniae. Criticus modorum paedagogicarum sine rigore scholam in cognitione rigorosa et transmissione culturali fundatam defendit. Auctor Schola non est locus oblectationis et Pro educatione republicana. Emphasizat cognitionem rigorosam intrinsece educatorem emotionalem esse et sine instructione non esse cogitationem criticam. Defensor memoriae exigentiae et muneris magistri ut magister.;Español;España;Lingua Hispanica;;Retrato de Horacio creado por Daniel Losada en colaboración con Google Gemini;es;Hispania;Edad Contemporánea;Aetas Contemporanea
98;John Hattie;Ioannes Hattie;1950;;Investigador educativo neozelandés creador del concepto de Aprendizaje Visible. Realizó el mayor meta-análisis de la historia de la educación analizando más de 1400 estudios con datos de 300 millones de estudiantes para identificar qué estrategias docentes tienen mayor impacto en el aprendizaje. Demostró que el factor más importante es la calidad del maestro y su capacidad de evaluar el progreso. Sus trabajos basados en evidencia transformaron la comprensión de la efectividad educativa.;Investigator educativus Novae Zelandiae creator conceptus Apprenhesionis Visibilis. Maximam meta-analysem historiae educationis perfecit plus quam 1400 studia cum datis 300 millionibus discipulorum analysans ut strategias docentes maioris impactus in apprehensione identificaret. Demonstravit factorem gravissimum esse qualitatem magistri et facultatem eius progressum aestimandi. Opera eius in evidentia fundata intellectionem effectivitatis educativae transformaverunt.;Inglés;Nueva Zelanda;Lingua Anglica;;Retrato de Horacio creado por Daniel Losada en colaboración con Google Gemini;en;Nova Zelandia;Edad Contemporánea;Aetas Contemporanea
99;John Locke;Ioannes Locke;1632;1704;Filósofo y médico inglés padre del empirismo y del liberalismo político. Autor del Ensayo sobre el entendimiento humano donde propuso la teoría de la tabula rasa la mente como pizarra en blanco al nacer que se llena mediante la experiencia sensorial. En Algunos pensamientos sobre la educación defendió que la educación moldea al individuo siendo el ambiente y la experiencia fundamentales. Influyó profundamente en la pedagogía moderna y el conductismo.;Philosophus et medicus Anglicus pater empirismi et liberalismi politici. Auctor Tractatus de Intellectu Humano ubi theoriam tabulae rasae mentem ut tabulam albam in nascendo quae per experientiam sensorialem impletur proposuit. In Cogitationibus de Educatione defendit educationem individuum formare ambiente et experientia fundamentalibus. In paedagogiam modernam et conductismum profunde influxit.;Inglés;Reino Unido;Lingua Anglica;;Retrato de Horacio creado por Daniel Losada en colaboración con Google Gemini;en;Regnum Unitum;Edad Moderna;Nova Aetas
100;Rabindranath Tagore;Rabindranath Tagore;1861;1941;Poeta filósofo músico y pedagogo indio primer no europeo en recibir el Premio Nobel de Literatura en 1913. Fundó la escuela Santiniketan basada en una educación integral que une naturaleza arte espiritualidad y libertad. Defendió una educación poética y humanista que armoniza al hombre con la naturaleza y Dios rechazando el sistema educativo colonial. Su pedagogía enfatiza la creatividad el amor y la conexión con el cosmos.;Poeta philosophus musicus et paedagogus Indicus primus non Europaeus Praemium Nobel Litterarum anno 1913 recipere. Scholam Santiniketan fundavit in educatione integrali quae naturam artem spiritualitatem et libertatem coniungit fundatam. Educationem poeticam et humanisticam quae hominem cum natura et Deo harmonizat defendit systema educativum coloniale repudians. Paedagogia eius creativitatem amorem et conexionem cum cosmo emphasizat.;Bengalí;India;Lingua Bengalice;;Retrato de Horacio creado por Daniel Losada en colaboración con Google Gemini;bn;India;Edad Contemporánea;Aetas Contemporanea
101;Joseph D. Novak;Iosephus D. Novak;1932;;Educador e investigador estadounidense creador de los Mapas Conceptuales en 1972. Trabajando sobre la teoría del aprendizaje significativo de David Ausubel desarrolló esta poderosa herramienta de representación gráfica del conocimiento. Profesor emérito de Cornell e investigador senior del IHMC revolucionó la forma de enseñar y evaluar demostrando que el aprendizaje significativo supera al memorístico. Su objetivo es liberar el potencial de aprendizaje desarrollando pensamiento creativo.;Educator et investigator Americanus creator Mapparum Conceptualium anno 1972. Super theoriam apprenhesionis significativae David Ausubel laborans hanc potentem instrumentum repraesentationis graphicae cognitionis elaboravit. Professor emeritus Cornell et investigator senior IHMC modum docendi et aestimandi revolutionavit demonstrans apprenhensionem significativam memoristicam superare. Scopus eius est potentiale apprenhesionis liberare cogitationem creativam evolventem.;Inglés;Estados Unidos;Lingua Anglica;;Retrato de Horacio creado por Daniel Losada en colaboración con Google Gemini;en;Civitates Foederatae Americae;Edad Contemporánea;Aetas Contemporanea
102;David Ausubel;David Paulus Ausubel;1918;2008;Psicólogo y pedagogo estadounidense creador de la Teoría del Aprendizaje Significativo. Revolucionó la comprensión del proceso de aprendizaje al demostrar que el conocimiento verdadero solo nace cuando los nuevos contenidos tienen significado a la luz de los conocimientos previos. Desarrolló el concepto de organizadores previos herramientas que ayudan a conectar el nuevo material con la estructura cognitiva existente. Su frase más célebre es Si tuviese que reducir toda la psicología educativa a un solo principio enunciaría este El factor más importante que influye en el aprendizaje es lo que el alumno ya sabe Averígüese esto y enséñese consecuentemente.;Psychologus et paedagogus Americanus creator Theoriae Apprenhesionis Significativae. Intellectionem processus apprenhesionis revolutionavit demonstrans cognitionem veram solum nasci cum nova contenta significationem habeant ad lucem cognitionum praeviarum. Conceptum organizatorum praeviarum instrumenta quae adiuvant novum material cum structura cognitiva existente conectere elaboravit. Sententia eius celeberrima est Si totam psychologiam educativam ad unum principium reducere deberem hoc enuntiarem Factor gravissimus qui in apprenhensionem influit est quod discipulus iam scit Hoc investigetur et consequenter doceatur.;Inglés;Estados Unidos;Lingua Anglica;;Retrato de Horacio creado por Daniel Losada en colaboración con Google Gemini;en;Civitates Foederatae Americae;Edad Contemporánea;Aetas Contemporanea
103;Proverbio Africano;Proverbium Africanum;;;Sabiduría tradicional de las diversas culturas y pueblos africanos que transmite valores comunitarios sobre la cooperación la solidaridad familiar la importancia de la comunidad y la educación colectiva. Destaca la visión africana de que la crianza y educación de los niños es responsabilidad de toda la comunidad no solo de los padres.;Sapientia traditionalis diversarum culturarum et populorum Africanorum quae valores communitarios de cooperatione solidaritate familiari importantia communitatis et educatione collectiva transmittit. Visionem Africanam emphasizat educationem et curam puerorum responsabilitatem totius communitatis esse non solum parentum.;;;#N/D;;Retrato de Horacio creado por Daniel Losada en colaboración con Google Gemini;#N/D;#N/D;Epoca Desconocida;Epocha Ignota
104;Proverbio Judío;Proverbium Iudaicum;;;Máximas de la tradición judía transmitidas a través de generaciones que condensan la sabiduría rabínica talmúdica y popular sobre la educación el estudio la familia y la vida. Reflejan la profunda valoración del conocimiento el aprendizaje continuo y la necesidad de adaptar la educación a cada época y generación respetando la singularidad de cada niño.;Maximae traditionis Iudaicae per generationes transmissae quae sapientiam rabbinicam talmudicum et popularem de educatione studio familia et vita condensant. Profundam aestimationem cognitionis apprenhesionis continuae et necessitatem educationem ad singulam epocham et generationem adaptandi singularitatem uniuscuiusque pueri respectando reflectunt.;Hebreo;Israel;Lingua Hebraica;;Retrato de Horacio creado por Daniel Losada en colaboración con Google Gemini;he;Israel;Epoca Desconocida;Epocha Ignota
105;Jenofonte;Xenophon;430;354;Historiador militar y filósofo griego discípulo de Sócrates que narró la vida del maestro desde una perspectiva práctica y ética centrada en el ciudadano virtuoso y el liderazgo;Historicus miles et philosophus Graecus discipulus Socratis qui vitam magistri ex perspectiva practica et ethica de cive virtuoso et ducatu narravit;Griego;Grecia;Lingua Graeca;;Retrato de Horacio creado por Daniel Losada en colaboración con Google Gemini;el;Graecia;Edad Antigua;Antiquitas
106;Antístenes;Antisthenes;445;365;Filósofo griego discípulo directo de Sócrates y fundador de la escuela cínica que defendía la virtud la autosuficiencia y el desprecio por las riquezas materiales;Philosophus Graecus discipulus directus Socratis et fundator scholae Cynicae qui virtutem autosufficientia et contemptum divitiarum materialium defendebat;Griego;Grecia;Lingua Graeca;;Retrato de Horacio creado por Daniel Losada en colaboración con Google Gemini;el;Graecia;Edad Antigua;Antiquitas
107;Plotino;Plotinus;204;270;Filósofo neoplatónico fundador de la escuela neoplatónica que estableció el puente entre la filosofía griega clásica y la mística cristiana medieval con su doctrina sobre el Uno y la emanación del alma;Philosophus Neoplatonicus fundator scholae Neoplatonicae qui pontem inter philosophiam Graecam classicam et mysticam Christianam medievalem constituit cum doctrina de Uno et emanatione animae;Griego;Roma;Lingua Graeca;;Retrato de Horacio creado por Daniel Losada en colaboración con Google Gemini;el;Roma;Edad Antigua;Antiquitas
108;San Buenaventura;Sanctus Bonaventura;1221;1274;Teólogo franciscano italiano Doctor Seráfico discípulo de Alejandro de Hales y ministro general de la Orden franciscana que desarrolló una filosofía mística sobre el itinerario del alma hacia Dios siendo contrapunto místico a Santo Tomás de Aquino;Theologus Franciscanus Italicus Doctor Seraphicus discipulus Alexandri de Hales et minister generalis Ordinis Franciscani qui philosophiam mysticam de itinerario animae ad Deum elaboravit Thomae Aquinatis contrapunctum mysticum;Latín;Italia;Lingua Latina;;Retrato de Horacio creado por Daniel Losada en colaboración con Google Gemini;la;Italia;Edad Media;Medium Aevum
109;Pedro Abelardo;Petrus Abaelardus;1079;1142;Filósofo y teólogo francés iniciador de la lógica medieval célebre por su método de la duda como camino a la verdad y por su trágico amor con Eloísa siendo perseguido por sus ideas heterodoxas;Philosophus et theologus Francicus initiator logicae medievalis celebris pro methodo dubitationis ut via ad veritatem et pro amore tragico cum Heloisa propter ideas heterodoxas persecutus;Latín;Francia;Lingua Latina;;Retrato de Horacio creado por Daniel Losada en colaboración con Google Gemini;la;Francia;Edad Media;Medium Aevum
110;Boecio;Boethius;480;524;Filósofo poeta y político romano último representante de la filosofía clásica y primer medieval autor de La consolación de la filosofía que sirvió de puente entre el mundo antiguo y el cristiano medieval;Philosophus poeta et politicus Romanus ultimus philosophiae classicae et primus medievalis auctor De consolatione philosophiae qui pons inter mundum antiquum et Christianum medievalem fuit;Latín;Roma;Lingua Latina;;Retrato de Horacio creado por Daniel Losada en colaboración con Google Gemini;la;Roma;Edad Media;Medium Aevum
111;Juan Duns Escoto;Ioannes Duns Scotus;1266;1308;Teólogo franciscano escocés Doctor Sutil conocido por su defensa de la Inmaculada Concepción su voluntarismo y su oposición intelectual a Santo Tomás de Aquino siendo fundamental para la filosofía católica sobre la libertad y la voluntad;Theologus Franciscanus Scoticus Doctor Subtilis notus pro defensione Immaculatae Conceptionis voluntarismo et oppositione intellectuali ad Thomam Aquinatem fundamentalis pro philosophia catholica de libertate et voluntate;Latín;Reino Unido;Lingua Latina;;Retrato de Horacio creado por Daniel Losada en colaboración con Google Gemini;la;Regnum Unitum;Edad Media;Medium Aevum
112;Hildegarda de Bingen;Hildegardis Bingensis;1098;1179;Abadesa benedictina alemana mística visionaria compositora escritora médica y naturalista conocida como la Sibila del Rin que escribió sobre teología medicina botánica y la conexión espiritual entre el hombre y el cosmos;Abbatissa Benedictina Germanica mystica visionaria compositrix scriptrix medica et naturalista cognita ut Sibylla Rheni quae de theologia medicina botanica et connexione spirituali inter hominem et cosmum scripsit;Latín;Alemania;Lingua Latina;;Retrato de Horacio creado por Daniel Losada en colaboración con Google Gemini;la;Germania;Edad Media;Medium Aevum
113;Maestro Eckhart;Magister Eckhart;1260;1328;Teólogo y místico dominico alemán fundador de la mística renana conocido por sus sermones paradójicos sobre el desapego la unión con Dios y la presencia divina en el alma siendo maestro de teología en París;Theologus et mysticus Dominicanus Germanicus fundator mysticae Rhenanae notus pro sermonibus paradoxis de detractione unione cum Deo et praesentia divina in anima magister theologiae Parisiis;Latín;Alemania;Lingua Latina;;Retrato de Horacio creado por Daniel Losada en colaboración con Google Gemini;la;Germania;Edad Media;Medium Aevum
114;San Ignacio de Loyola;Sanctus Ignatius de Loyola;1491;1556;Militar y sacerdote vasco fundador y primer general de la Compañía de Jesús autor de los Ejercicios Espirituales figura clave de la Contrarreforma que estableció una orden religiosa basada en la obediencia al papa y el discernimiento espiritual;Miles et sacerdos Vascus fundator et primus generalis Societatis Iesu auctor Exercitiorum Spiritualium figura principalis Contrareformationis qui ordinem religiosum in oboedientia ad papam et discretione spirituali fundavit;Español;España;Lingua Hispanica;;Retrato de Horacio creado por Daniel Losada en colaboración con Google Gemini;es;Hispania;Edad Media;Medium Aevum
115;San Francisco Javier;Sanctus Franciscus Xaverius;1506;1552;Sacerdote jesuita navarro cofundador de la Compañía de Jesús junto a Ignacio de Loyola misionero apostólico en India y Japón patrono de las misiones que evangelizó Asia con gran fervor bautizando miles de personas;Sacerdos Iesuita Navarrensis cofundator Societatis Iesu cum Ignatio de Loyola missionarius apostolicus in India et Iaponia patronus missionum qui Asiam magno fervore evangelizavit millia personarum baptizans;Español;España;Lingua Hispanica;;Retrato de Horacio creado por Daniel Losada en colaboración con Google Gemini;es;Hispania;Edad Moderna;Nova Aetas
